"beta_0","beta_1","beta_3"
0.742896943028837,1.00610898324694,1.05272686709147
