"beta_0","beta_1","beta_3"
1.0032976418352,0.991342368936141,1.02779959715946
