"beta_0","beta_1","beta_3"
1.03396259301009,0.991316443124724,1.0146957081549
