"beta_0","beta_1","beta_3"
1.15988821500271,0.94956135777689,1.00011242830359
