"beta_0","beta_1","beta_3"
1.01903958640516,1.03586417499745,0.987923178993099
