"beta_0","beta_1","beta_3"
1.12994233070039,0.991654695377593,0.99451197897743
