"beta_0","beta_1","beta_3"
1.02969047301524,0.955160951404724,0.995002915965183
