"beta_0","beta_1","beta_3"
0.940906981082726,0.995305826035865,1.01605460640496
