"beta_0","beta_1","beta_3"
0.892813302208994,0.993021480114161,1.0185196807052
