"beta_0","beta_1","beta_3"
0.992275221740478,1.02095186388719,0.993884376743887
