"beta_0","beta_1","beta_3"
1.12595587869217,0.968242790169015,0.976760419577534
