"beta_0","beta_1","beta_3"
0.893584449543123,0.986509012777997,1.02913065488101
