"beta_0","beta_1","beta_3"
1.0924019602706,0.953577101878484,0.986710543295647
