"beta_0","beta_1","beta_3"
0.993130034003713,1.04007131653252,0.969614505338714
