"beta_0","beta_1","beta_3"
0.9162716338053,1.01753850504104,0.971430996626665
