"beta_0","beta_1","beta_3"
1.0671920168415,0.995374025447287,0.989526846994476
