"beta_0","beta_1","beta_3"
0.934528733869083,1.00751802052368,0.998187249254521
