"beta_0","beta_1","beta_3"
1.14915423614081,1.00079920827826,0.989806450554105
