"beta_0","beta_1","beta_3"
1.14452722208636,0.959972943026607,1.00593079896667
