"beta_0","beta_1","beta_3"
1.0421340306946,1.00226950943344,0.994279318420535
