"beta_0","beta_1","beta_3"
0.935817160160853,1.03249685505373,0.985808833661863
