"beta_0","beta_1","beta_3"
1.05877821455578,1.01548033091546,1.00375804239955
