"beta_0","beta_1","beta_3"
0.926489336969476,1.01680175951599,1.02805809191925
