"beta_0","beta_1","beta_3"
1.01560697049405,1.00842650047581,1.02558280942792
