"beta_0","beta_1","beta_3"
0.832225411311923,0.975861301680668,1.05248569373392
