"beta_0","beta_1","beta_3"
0.953577509428057,1.02202566729722,0.98709933419774
