"beta_0","beta_1","beta_3"
0.841705174238129,0.996388259905311,0.994315113328242
