"beta_0","beta_1","beta_3"
0.904388593485798,1.02328016242925,1.02502487816422
