"beta_0","beta_1","beta_3"
1.10170556810459,0.963989163376856,1.03044717771264
