"beta_0","beta_1","beta_3"
1.03056935040865,0.990475892929544,0.983938389591342
