"beta_0","beta_1","beta_3"
0.913526731556738,1.00653833431396,1.02869167905436
