"beta_0","beta_1","beta_3"
0.917640271722772,1.03769465655945,1.03403523564008
