"beta_0","beta_1","beta_3"
1.0354847427807,0.981817896234384,0.975492638626593
