"beta_0","beta_1","beta_3"
1.00084007982301,1.01945028162644,1.0413885163728
