"beta_0","beta_1","beta_3"
0.864467249112964,1.01842961033668,1.03662372445842
