"beta_0","beta_1","beta_3"
1.0452543612722,1.03670096388255,1.00263581923985
