"beta_0","beta_1","beta_3"
0.877710149649862,1.0230644316158,1.0023029357386
