"beta_0","beta_1","beta_3"
0.94893267698873,0.985213113512676,1.01113497778097
