"beta_0","beta_1","beta_3"
0.972136140227405,0.971560314464563,1.03452253724194
