"beta_0","beta_1","beta_3"
0.896120016461989,0.966937532702181,1.02567505921284
