"beta_0","beta_1","beta_3"
1.03640630938184,0.977070556396845,1.0352016660473
