"beta_0","beta_1","beta_3"
0.956495626187272,1.00819527507792,0.977244057569775
