"beta_0","beta_1","beta_3"
0.898623303738239,1.03909398932997,1.04359907311202
