"beta_0","beta_1","beta_3"
1.13281838887112,0.978379626092034,1.00268496657892
