"beta_0","beta_1","beta_3"
1.15370767617681,0.959609219584789,1.03577879793092
