"beta_0","beta_1","beta_3"
0.784092276470875,1.00048785117316,1.00939312474928
