"beta_0","beta_1","beta_3"
0.791338934162947,1.02540191056069,1.01830520163019
