"beta_0","beta_1","beta_3"
1.15819081456753,0.980864449286944,0.950028653941491
