"beta_0","beta_1","beta_3"
0.934171154797408,1.03086944477099,1.00756922430147
