"beta_0","beta_1","beta_3"
0.990316344947314,0.927064909530229,1.01764725100496
