"beta_0","beta_1","beta_3"
0.942714578179476,0.978391645279815,1.04909031732117
