"beta_0","beta_1","beta_3"
0.727032190371961,1.0208152876735,1.07903382349704
