"beta_0","beta_1","beta_3"
0.804397362782836,1.03320631814261,1.02561371946746
