"beta_0","beta_1","beta_3"
1.04264677596612,1.02414108481488,0.993358374789921
