"beta_0","beta_1","beta_3"
0.836375424440754,1.02071793616473,1.03224900492896
