"beta_0","beta_1","beta_3"
1.03642820802298,1.01151877959284,1.01698782489796
