"beta_0","beta_1","beta_3"
0.852274582693335,1.02782650571631,1.03203516829676
