"beta_0","beta_1","beta_3"
1.04160525873141,0.999210123853521,0.959976380398777
