"beta_0","beta_1","beta_3"
0.943160315656927,0.996989943736451,1.04112775827742
