"beta_0","beta_1","beta_3"
1.12143901332757,0.955132599293382,0.977069995886956
