"beta_0","beta_1","beta_3"
1.05925535125916,0.996963062380472,1.00709419226641
