"beta_0","beta_1","beta_3"
0.830656545653714,1.04378058148664,1.0257244059234
