"beta_0","beta_1","beta_3"
1.09757496353585,0.994570936785967,0.97746202350099
