"beta_0","beta_1","beta_3"
0.974982076018513,1.00676813459625,0.986452157197826
