"beta_0","beta_1","beta_3"
1.06397428036929,1.00506821907312,0.997300948730555
