"beta_0","beta_1","beta_3"
1.099100735472,0.97337578946899,0.99155410710313
