"beta_0","beta_1","beta_3"
0.876481127292348,1.02920404889931,1.01421194101396
