"beta_0","beta_1","beta_3"
1.08039311187792,1.01287974547889,0.970447457641388
