"beta_0","beta_1","beta_3"
0.837132934620337,1.0254869159478,1.04259296403012
