"beta_0","beta_1","beta_3"
1.19132049721417,1.00594816280525,0.958634127615281
