"beta_0","beta_1","beta_3"
1.14412586101561,0.97165527014734,0.984196493511954
