"beta_0","beta_1","beta_3"
1.20250138993993,0.93158002271626,1.00261842212905
