"beta_0","beta_1","beta_3"
1.10347168268576,0.972021296451522,1.00038220465264
