"beta_0","beta_1","beta_3"
0.859926516316125,1.02050024301431,1.0078856715642
