"beta_0","beta_1","beta_3"
1.0506365448567,0.979825752112626,0.959733115483686
