"beta_0","beta_1","beta_3"
1.09921927164686,0.971864048439039,0.979881372993392
