"beta_0","beta_1","beta_3"
0.901919390099539,0.978390554975829,1.00522383231749
