"beta_0","beta_1","beta_3"
0.74591071109801,1.02132131228219,1.03290339770736
