"beta_0","beta_1","beta_3"
1.16455113638246,1.00150989121528,0.971404852204088
