"beta_0","beta_1","beta_3"
0.953323465126614,0.990616417238116,1.01969465151513
