"beta_0","beta_1","beta_3"
0.908083088361878,0.997526418323484,1.00970840525847
