"beta_0","beta_1","beta_3"
1.17356701580583,1.00203490102551,0.982041977017125
