"beta_0","beta_1","beta_3"
0.973630583204876,0.979920816174864,1.05503598671089
