"beta_0","beta_1","beta_3"
1.0177837742865,1.02557521327935,1.00983334817029
