"beta_0","beta_1","beta_3"
0.962386149926508,0.984373668065738,0.998392878845319
