"beta_0","beta_1","beta_3"
0.872506439229476,0.98820396163604,1.02570597559205
