"beta_0","beta_1","beta_3"
0.961494167940176,0.962091793859429,1.00834544061892
