"beta_0","beta_1","beta_3"
0.902755907083025,1.01315495418782,1.03244111769077
