"beta_0","beta_1","beta_3"
0.913202048504107,1.05692672249213,0.963171404956295
