"beta_0","beta_1","beta_3"
1.3251437492226,0.936247762493532,1.02544666097685
