"beta_0","beta_1","beta_3"
1.0593562108759,0.990215477339799,0.984862519410541
