"beta_0","beta_1","beta_3"
1.10564776509233,1.01001940852904,1.01327412433258
