"beta_0","beta_1","beta_3"
0.94886326185459,1.00105223155351,1.01619957967373
