"beta_0","beta_1","beta_3"
1.09338167158971,1.00075255493671,1.02402718135822
