"beta_0","beta_1","beta_3"
0.979659256107904,1.03516683248484,0.992877594083727
