"beta_0","beta_1","beta_3"
1.05605325464492,0.968467402479067,0.983868819876135
