"beta_0","beta_1","beta_3"
1.06960372755825,0.936739950938539,1.01282202006469
