"beta_0","beta_1","beta_3"
1.02014162046564,1.00591970623134,0.976629911123655
