"beta_0","beta_1","beta_3"
0.966562890379926,1.00082607141208,0.965594323715235
