"beta_0","beta_1","beta_3"
0.965348665987144,1.02109401599546,1.01868762671814
