"beta_0","beta_1","beta_3"
0.254643546664268,1.28426522850534,0.644591248304405
