"beta_0","beta_1","beta_3"
1.6100361953584,1.26881113765297,1.00430400345435
