"beta_0","beta_1","beta_3"
2.16199038248005,0.833065963601624,1.36774950553383
