"beta_0","beta_1","beta_3"
1.69353056502393,1.33418038127123,1.06124300698265
