"beta_0","beta_1","beta_3"
0.904963898657098,0.950749960020133,1.13761701777352
