"beta_0","beta_1","beta_3"
3.14002235489704,1.11379094725738,0.802969797968391
