"beta_0","beta_1","beta_3"
3.80449672894774,-0.021030245558246,0.451197821377107
