"beta_0","beta_1","beta_3"
0.162271226091726,1.27041263940593,1.73764502659273
