"beta_0","beta_1","beta_3"
2.9609882528622,1.35658665532246,0.242133985133523
