"beta_0","beta_1","beta_3"
2.18624623871695,0.978950347531592,1.07340377530875
