"beta_0","beta_1","beta_3"
-0.461620681315205,1.31012393391235,1.10125783797732
