"beta_0","beta_1","beta_3"
3.11817667292306,1.03517704533513,0.933334046298724
