"beta_0","beta_1","beta_3"
2.05304372112716,0.706043630771156,1.2016384926919
