"beta_0","beta_1","beta_3"
1.70607631231673,0.480437157230293,1.22664519044076
