"beta_0","beta_1","beta_3"
3.93634331393668,0.536757683436221,1.26059809146109
