"beta_0","beta_1","beta_3"
0.0129512900066039,1.41636103313763,0.945169971428586
