"beta_0","beta_1","beta_3"
5.18439002492701,0.76436576273325,0.331354920129315
