"beta_0","beta_1","beta_3"
1.29200319999099,1.15119531530665,1.31540367138635
