"beta_0","beta_1","beta_3"
0.803676737493085,1.28472817205663,0.77211198565132
