"beta_0","beta_1","beta_3"
2.53359705106586,0.689998077275933,0.423620440735342
