"beta_0","beta_1","beta_3"
2.28433601144776,1.29379076424893,1.78020066484616
