"beta_0","beta_1","beta_3"
1.69506065502287,0.956764925708251,0.988735012090252
