"beta_0","beta_1","beta_3"
0.128774393306057,0.688833578519224,1.33020688584847
