"beta_0","beta_1","beta_3"
2.42254849936128,0.774316024623787,0.75720566292716
