"beta_0","beta_1","beta_3"
1.23847080619955,1.19208087988199,0.00872398018146066
