"beta_0","beta_1","beta_3"
2.63108341691117,1.28442306674983,0.590613524514435
