"beta_0","beta_1","beta_3"
3.35307405668833,-0.108468434209311,1.04444315189224
