"beta_0","beta_1","beta_3"
0.646420512554251,0.830961635502608,1.35526300423804
