"beta_0","beta_1","beta_3"
1.08905641478265,0.575411453152777,1.49240700356068
