"beta_0","beta_1","beta_3"
0.535918887157252,1.29320642371164,1.37029446643851
