"beta_0","beta_1","beta_3"
2.51301571478842,1.07752622898308,0.707268622936585
