"beta_0","beta_1","beta_3"
3.01243590742004,1.42326261455071,1.55935459159691
