"beta_0","beta_1","beta_3"
0.810488279840979,0.926501242452051,1.19648748845084
