"beta_0","beta_1","beta_3"
1.71525243191859,0.491694212216206,1.0503092011509
