"beta_0","beta_1","beta_3"
1.86199894772741,0.664424739027221,1.50050016882969
