"beta_0","beta_1","beta_3"
2.19241736394834,1.32136586714236,0.827318985299161
