"beta_0","beta_1","beta_3"
0.140459233891408,1.26614910334215,1.61652560665198
