"beta_0","beta_1","beta_3"
2.11935500854888,0.939509312329833,1.10745797612297
