"beta_0","beta_1","beta_3"
2.18417798928535,0.978097979083306,1.35086104111876
