"beta_0","beta_1","beta_3"
2.55223088025443,0.5859256192797,1.1178531999721
