"beta_0","beta_1","beta_3"
0.570898979997854,1.1500774478801,0.898210889220989
