"beta_0","beta_1","beta_3"
1.77206720630518,1.34515775334504,1.11840026493241
