"beta_0","beta_1","beta_3"
1.1044149914225,1.52523669457057,0.952525675953752
