"beta_0","beta_1","beta_3"
1.66138676105907,1.45031298155479,-0.103168420357704
