"beta_0","beta_1","beta_3"
1.57778317535609,0.844759984446852,0.636606578542206
