"beta_0","beta_1","beta_3"
3.67184492076809,0.654109534181319,0.889876762671024
