"beta_0","beta_1","beta_3"
2.40331692301981,1.02693956230356,0.745638365245924
