"beta_0","beta_1","beta_3"
2.01548523936248,1.37713381245285,0.87430847483474
