"beta_0","beta_1","beta_3"
1.53889536909391,0.947691304629265,0.454973772212693
