"beta_0","beta_1","beta_3"
2.28987429518571,0.508703040997945,1.05894457429509
