"beta_0","beta_1","beta_3"
1.45867001940762,0.2154968485365,1.28789455222892
