"beta_0","beta_1","beta_3"
1.02662321020154,0.945749408524898,1.13399331587645
