"beta_0","beta_1","beta_3"
1.54815590205605,0.861344666253821,0.477551268263034
