"beta_0","beta_1","beta_3"
4.78191521286737,0.98506404232385,0.257907680089072
