"beta_0","beta_1","beta_3"
1.87234445789872,0.887716770853993,1.54938345980732
