"beta_0","beta_1","beta_3"
3.88337981681306,0.614921585049809,0.57973991633202
