"beta_0","beta_1","beta_3"
1.96272716993636,0.365854854512371,0.887153668863122
