"beta_0","beta_1","beta_3"
3.47992064490481,0.516538141647245,1.18317821448516
