"beta_0","beta_1","beta_3"
2.02627266332346,1.37493415905459,0.518455391932124
