"beta_0","beta_1","beta_3"
2.88812821341716,1.05023713207014,0.505189614594282
