"beta_0","beta_1","beta_3"
0.920880920089151,1.15240995296272,0.608159795477517
