"beta_0","beta_1","beta_3"
2.05113893866871,0.416008089508114,0.925370325674896
