"beta_0","beta_1","beta_3"
6.80606043603691,0.345951925410117,0.395415899355636
