"beta_0","beta_1","beta_3"
0.292000015649207,0.944723270962767,1.01894747159129
