"beta_0","beta_1","beta_3"
2.87755240441801,-0.229904439698897,0.623493491540795
