"beta_0","beta_1","beta_3"
1.06344931365975,1.4360888577079,0.674831243208453
