"beta_0","beta_1","beta_3"
4.38957950512918,0.894748326861344,0.239512271980273
