"beta_0","beta_1","beta_3"
1.49847546286764,0.828968557999511,0.842334844893788
