"beta_0","beta_1","beta_3"
0.837139418906123,1.0450299762542,0.550936429046588
