"beta_0","beta_1","beta_3"
4.53491193792993,0.647534889588262,0.564894091145999
