"beta_0","beta_1","beta_3"
2.40921409633178,1.0368822817825,0.447877557267418
