"beta_0","beta_1","beta_3"
2.40162457319274,0.839748391234061,0.468659273197761
