"beta_0","beta_1","beta_3"
3.59538604029425,0.753675460816431,0.615839265464363
