"beta_0","beta_1","beta_3"
1.45121973586937,0.651628717904666,0.367928512101378
