"beta_0","beta_1","beta_3"
3.25987412514462,0.740985116061017,0.337867677304325
