"beta_0","beta_1","beta_3"
-0.702944045069798,1.51817152945376,0.851832655243486
