"beta_0","beta_1","beta_3"
3.57980251192249,0.553763142171709,0.675226806794806
