"beta_0","beta_1","beta_3"
2.4878920291154,1.00510107789425,0.761901271879929
