"beta_0","beta_1","beta_3"
4.75624307651321,0.570584031028314,0.345552032929858
