"beta_0","beta_1","beta_3"
-2.06019392495652,1.67264114504494,1.70823480235857
