"beta_0","beta_1","beta_3"
1.32133417280531,0.986759968849938,0.648894162545038
