"beta_0","beta_1","beta_3"
3.94883119893323,0.762450954134539,1.0399534338148
