"beta_0","beta_1","beta_3"
2.86020870925245,1.00912374876448,0.697423345676827
