"beta_0","beta_1","beta_3"
0.0653896915967584,1.3573124404904,1.18563905480179
