"beta_0","beta_1","beta_3"
2.25403405661614,0.759515428488003,0.648008211779178
