"beta_0","beta_1","beta_3"
1.74756748380976,0.881819376749782,1.0259045432708
