"beta_0","beta_1","beta_3"
2.46554333043722,0.738897852588995,0.734535712651867
