"beta_0","beta_1","beta_3"
5.01770995979408,0.599520286755064,0.361130333913004
