"beta_0","beta_1","beta_3"
2.56693810461246,0.479322928885092,1.39041662411432
