"beta_0","beta_1","beta_3"
1.29975386601472,1.85048643940535,0.333067799546325
