"beta_0","beta_1","beta_3"
-1.32031224551556,1.91004220904575,0.819121172060465
