"beta_0","beta_1","beta_3"
2.51580771304007,1.25739689243241,0.590697829773284
