"beta_0","beta_1","beta_3"
3.17206457858012,-0.106845894409458,0.821492593791306
