"beta_0","beta_1","beta_3"
1.90829305195212,0.682372248521803,0.518366643987461
