"beta_0","beta_1","beta_3"
0.918697195963862,0.870223057481654,1.16034929862435
