"beta_0","beta_1","beta_3"
1.24401955455057,1.30423092497951,0.363395942197327
