"beta_0","beta_1","beta_3"
2.15656574067466,0.967451997772223,1.07748855564969
