"beta_0","beta_1","beta_3"
1.93616539360963,1.01232069253461,0.456241063990494
