"beta_0","beta_1","beta_3"
2.62019598938383,0.940982124654588,0.939388980681307
