"beta_0","beta_1","beta_3"
0.443865311679729,0.972172813082778,1.22291952985785
