"beta_0","beta_1","beta_3"
3.76887920621755,0.570523902656584,0.688896403344879
