"beta_0","beta_1","beta_3"
1.28950899336552,1.03305185576554,1.04141408081766
