"beta_0","beta_1","beta_3"
2.2370502537248,0.655774336761289,0.820892622183113
