"beta_0","beta_1","beta_3"
3.66665748661291,1.06376090830376,0.985021607013484
