"beta_0","beta_1","beta_3"
0.168030258648907,1.52188204149534,0.585110736574066
