"beta_0","beta_1","beta_3"
0.606698331550434,0.758802242137534,0.89294720361504
