"beta_0","beta_1","beta_3"
-0.290396153351788,1.21207315605569,1.41388522701956
