"beta_0","beta_1","beta_3"
1.84020608807644,1.13429551242349,0.922401639571955
