"beta_0","beta_1","beta_3"
1.4331257647747,0.806177887672791,0.787161041689267
