"beta_0","beta_1","beta_3"
1.97322616830712,0.927432031735493,0.934337253084278
