"beta_0","beta_1","beta_3"
1.89180447826816,0.513837777419425,0.789181761675432
