"beta_0","beta_1","beta_3"
1.88504270679205,0.946542265473439,1.40309127961442
