"beta_0","beta_1","beta_3"
0.426115578438197,0.884454754850907,0.696084626748784
