"beta_0","beta_1","beta_3"
1.81930221797994,1.51016522597825,0.759646239492815
