"beta_0","beta_1","beta_3"
2.32678495034643,0.913398224299735,0.754788885031107
