"beta_0","beta_1","beta_3"
3.35904147372642,1.09303610711108,1.04313037025247
