"beta_0","beta_1","beta_3"
1.40593088165572,0.820446451918328,0.559707804636339
