"beta_0","beta_1","beta_3"
2.93539085313546,0.879233035444003,0.848473055339096
