"beta_0","beta_1","beta_3"
-0.54305259730088,1.16365490709293,1.13697405389219
