"beta_0","beta_1","beta_3"
3.31271098761032,0.674111529650277,0.52829397188129
