"beta_0","beta_1","beta_3"
-0.966979957117435,1.01381638041813,1.32471179346654
