"beta_0","beta_1","beta_3"
2.42041378570485,1.03326907398074,1.01113194369752
