"beta_0","beta_1","beta_3"
1.17054285411191,0.46022262081791,1.30734362009121
