"beta_0","beta_1","beta_3"
3.75137506208237,0.47374727384931,0.947720882505635
