"beta_0","beta_1","beta_3"
5.80259430664259,0.0703402462183688,0.452684985501529
