"beta_0","beta_1","beta_3"
4.15572575502311,0.796658512031038,1.19494511138181
