"beta_0","beta_1","beta_3"
2.08695425335783,0.870887705441412,0.707369680845782
