"beta_0","beta_1","beta_3"
0.0677451728272365,1.13316569293274,0.746502511981841
