"beta_0","beta_1","beta_3"
0.286102555496612,0.938782061626295,1.31104476643636
