"beta_0","beta_1","beta_3"
-0.123593246399235,1.02286954289623,0.806438806524165
