"beta_0","beta_1","beta_3"
0.969301257032545,1.21290476621557,0.820178062266773
