"beta_0","beta_1","beta_3"
1.78233190752016,0.665278633524279,0.75553708770762
