"beta_0","beta_1","beta_3"
0.220343087317344,1.03978724923582,1.11656380204138
