"beta_0","beta_1","beta_3"
1.50865176473619,1.08503206134007,0.675439813889695
