"beta_0","beta_1","beta_3"
2.23235670826678,1.24482040224145,0.587702899656059
