"beta_0","beta_1","beta_3"
1.98125630119469,0.829871468787722,0.880186429261502
