"beta_0","beta_1","beta_3"
0.140412083065097,1.28669843710809,1.39990199592757
