"beta_0","beta_1","beta_3"
3.33604313541501,0.34988875564706,0.647376598798726
