"beta_0","beta_1","beta_3"
-0.262190346922608,0.916393799447993,1.56202920451888
