"beta_0","beta_1","beta_3"
3.53189575185246,0.952683776886239,0.670108969313614
