"beta_0","beta_1","beta_3"
2.87436858668905,0.991384709703067,0.844050175495895
