"beta_0","beta_1","beta_3"
0.751391133845235,0.890968865601205,1.43693518584422
