"beta_0","beta_1","beta_3"
1.60305489306575,1.25703584602665,0.741384207089351
