"beta_0","beta_1","beta_3"
1.68100027773845,0.800391786592927,0.995178739986342
