"beta_0","beta_1","beta_3"
2.81665582668304,0.771447616700396,1.03732127611188
