"beta_0","beta_1","beta_3"
2.6573079778376,1.08295934466825,0.87280065424642
