"beta_0","beta_1","beta_3"
1.65184009167263,0.788887605575314,1.08214741188751
