"beta_0","beta_1","beta_3"
3.22421294606968,1.40465577118703,0.629093873334847
