"beta_0","beta_1","beta_3"
0.72640227741434,1.05586302195825,1.06948087064383
