"beta_0","beta_1","beta_3"
1.63802243670776,1.19551390844474,1.02111508677806
