"beta_0","beta_1","beta_3"
0.706311795012851,1.23335245717597,0.862950426176667
