"beta_0","beta_1","beta_3"
1.64139872614105,0.625969625273316,1.45459896353004
