"beta_0","beta_1","beta_3"
0.102895731765799,1.3413781221416,0.859074441964303
