"beta_0","beta_1","beta_3"
1.516757259609,0.870555578017395,0.915113288101211
