"beta_0","beta_1","beta_3"
0.58106164520428,1.28545761548942,0.348130138584382
