"beta_0","beta_1","beta_3"
2.53442168894354,0.249256953981167,0.955938306924703
