"beta_0","beta_1","beta_3"
1.97534429158085,0.746761269263619,0.647668360466984
