"beta_0","beta_1","beta_3"
1.36546725132912,1.4783353929971,0.726345675348587
