"beta_0","beta_1","beta_3"
1.41183351551792,0.560782203070617,0.789962184247448
