"beta_0","beta_1","beta_3"
0.760101732676602,0.914995846689599,0.882096234596287
