"beta_0","beta_1","beta_3"
2.25370129125243,1.16199185833108,0.67839221318177
