"beta_0","beta_1","beta_3"
1.96106853804539,0.806027776024291,1.22055107527171
