"beta_0","beta_1","beta_3"
0.498353774588892,1.25410482475602,1.13255002526619
