"beta_0","beta_1","beta_3"
1.02333909968019,0.904268455093848,0.773910035653658
