"beta_0","beta_1","beta_3"
1.57628673365503,0.968808122654279,0.871740033563746
