"beta_0","beta_1","beta_3"
1.25855343667787,1.46217029648034,0.862612090611275
