"beta_0","beta_1","beta_3"
0.880844185753707,0.591871625889808,1.65244520171624
