"beta_0","beta_1","beta_3"
1.8404172102989,1.04236191630881,0.930955572608503
