"beta_0","beta_1","beta_3"
2.90009469759474,0.598385093790648,1.02419569755188
