"beta_0","beta_1","beta_3"
1.46460156510646,0.57761761302578,1.12657057543108
