"beta_0","beta_1","beta_3"
2.05952457869577,1.05703396807951,0.660285805882929
