"beta_0","beta_1","beta_3"
1.10935376077786,1.50250269352101,0.704561882933052
