"beta_0","beta_1","beta_3"
1.99278474632069,0.958466007073857,0.833579325992058
