"beta_0","beta_1","beta_3"
2.21010455217045,1.14463224564735,0.999401397119051
