"beta_0","beta_1","beta_3"
2.2636182429787,0.777941811809079,0.825287038958199
