"beta_0","beta_1","beta_3"
0.81998178120891,0.264318951805844,1.24245235783795
