"beta_0","beta_1","beta_3"
1.90794504465266,0.990477000104435,0.683992980021028
