"beta_0","beta_1","beta_3"
2.03752050621436,0.984729649331847,0.919318691931172
