"beta_0","beta_1","beta_3"
0.220530733049762,1.43205968874366,0.824256021049246
