"beta_0","beta_1","beta_3"
2.02174788947322,0.964514964743526,1.07938935521047
