"beta_0","beta_1","beta_3"
1.55982768128239,0.94137146391941,1.03515149452527
