"beta_0","beta_1","beta_3"
1.77838707297996,0.771044509037404,1.23320276443174
