"beta_0","beta_1","beta_3"
1.89710358169905,0.686665153712785,0.890125494481543
