"beta_0","beta_1","beta_3"
1.91696413786961,1.34067413804565,0.901214113708505
