"beta_0","beta_1","beta_3"
2.0155175198973,0.441065750618093,1.11443416740217
