"beta_0","beta_1","beta_3"
2.99500156365769,0.942281381697824,0.974405735262598
