"beta_0","beta_1","beta_3"
2.54385703029135,1.06031923634905,1.24431481290341
