"beta_0","beta_1","beta_3"
3.48930491698507,0.621444201039608,0.714965263648731
