"beta_0","beta_1","beta_3"
-0.535102309767259,1.19547140756675,1.20823881815817
