"beta_0","beta_1","beta_3"
1.59490659369195,0.721427778184896,0.90801943084258
