"beta_0","beta_1","beta_3"
-0.112304365760039,0.943583436270417,0.952716674166517
