"beta_0","beta_1","beta_3"
2.23015343339758,1.01144350897876,0.917878129746756
