"beta_0","beta_1","beta_3"
0.35000798386754,1.37250394039089,1.36931957079553
