"beta_0","beta_1","beta_3"
0.450429788735644,1.31742472244243,1.22234524611268
