"beta_0","beta_1","beta_3"
2.44390990076288,0.247890205478482,1.29803369137099
