"beta_0","beta_1","beta_3"
0.841077548553715,0.808328595540414,1.07887823784139
