"beta_0","beta_1","beta_3"
1.20059822598283,1.03840566468316,1.22230700714959
