"beta_0","beta_1","beta_3"
0.967540858621291,1.08349919077052,1.06690461055296
