"beta_0","beta_1","beta_3"
1.90950256536202,0.910992215010785,0.916424323412599
