"beta_0","beta_1","beta_3"
1.83398154405712,0.949694024172185,0.855345474011917
