"beta_0","beta_1","beta_3"
1.68250552216062,1.22946411220555,0.63057743449188
