"beta_0","beta_1","beta_3"
1.76637565038151,0.992315283158624,0.801013390047332
