"beta_0","beta_1","beta_3"
1.92837730710312,0.953842254478051,0.605175053698705
