"beta_0","beta_1","beta_3"
1.94832349502599,0.880091730846217,0.94338195096218
