"beta_0","beta_1","beta_3"
2.08897750335283,1.02771688876913,0.823005366959662
