"beta_0","beta_1","beta_3"
1.20291917854434,0.921657330905494,1.1194811351419
