"beta_0","beta_1","beta_3"
1.43018696402107,0.506477786007837,0.676617130419533
