"beta_0","beta_1","beta_3"
0.151550809955728,0.867103970585016,1.43647463582389
