"beta_0","beta_1","beta_3"
0.599052834226985,1.2308161040284,0.990031092631748
