"beta_0","beta_1","beta_3"
0.978313169738324,0.969532602984599,1.21250820346924
