"beta_0","beta_1","beta_3"
0.716289217679214,0.882527417010194,1.20476619807982
