"beta_0","beta_1","beta_3"
1.55925557688805,0.752592172958606,1.22749910644511
