"beta_0","beta_1","beta_3"
0.851855372921984,1.06326325717741,1.05750339706004
