"beta_0","beta_1","beta_3"
1.07585502142507,0.798365418577092,0.874624486969853
