"beta_0","beta_1","beta_3"
1.13355714277859,0.989385476281911,0.926690665342953
