"beta_0","beta_1","beta_3"
1.26484123318314,0.985068960064184,0.688167786345551
