"beta_0","beta_1","beta_3"
0.323849366973697,1.21675235559457,1.09088787172404
