"beta_0","beta_1","beta_3"
0.914297517912306,1.00713848438976,0.867589390726486
