"beta_0","beta_1","beta_3"
0.321674236507237,0.868419400377299,1.08772242965993
