"beta_0","beta_1","beta_3"
0.304231018136817,0.995616102940985,1.71789418087541
