"beta_0","beta_1","beta_3"
2.32672399292249,0.84138711371708,1.10345442993709
