"beta_0","beta_1","beta_3"
2.75477940361842,0.64684228324184,0.821761684594949
