"beta_0","beta_1","beta_3"
0.839522873672723,1.03676051590068,0.905472795556602
