"beta_0","beta_1","beta_3"
2.59002090532089,0.905904006885573,0.946920664293481
