"beta_0","beta_1","beta_3"
2.47217763272692,0.79646387482367,0.389199953709769
