"beta_0","beta_1","beta_3"
0.875224075969356,1.0555181494903,0.934557943015315
