"beta_0","beta_1","beta_3"
0.00287659783308507,1.08897299189847,1.11883400488792
