"beta_0","beta_1","beta_3"
0.69732265936529,1.25729276222468,1.23591795901872
