"beta_0","beta_1","beta_3"
1.50003910663058,0.956416175988992,0.928402595799239
