"beta_0","beta_1","beta_3"
1.33135537763156,1.04497001737329,0.963256399054165
