"beta_0","beta_1","beta_3"
1.41545911523422,1.09996884556403,0.880683823506577
