"beta_0","beta_1","beta_3"
1.82521852799735,0.869899010584735,1.06781538476324
