"beta_0","beta_1","beta_3"
1.02397316032864,0.788985558937676,1.1750686863332
