"beta_0","beta_1","beta_3"
0.465196359831653,0.889924272079591,0.807176660173362
