"beta_0","beta_1","beta_3"
0.251855664181567,1.06864754226038,1.10468369904877
