"beta_0","beta_1","beta_3"
0.837039696720057,0.914693424809593,1.09770678395752
