"beta_0","beta_1","beta_3"
1.4446346847742,1.03790675085564,0.723016782955489
