"beta_0","beta_1","beta_3"
0.207205360551304,1.23759841282336,1.00993369530947
