"beta_0","beta_1","beta_3"
0.995055562357389,0.99938375362391,1.21707305606747
