"beta_0","beta_1","beta_3"
0.817212401733141,1.02057966122458,1.04052031009513
