"beta_0","beta_1","beta_3"
3.07968035386013,0.775752382163272,0.899215244572098
