"beta_0","beta_1","beta_3"
-1.42760474387708,1.41103694809076,0.931235584885956
