"beta_0","beta_1","beta_3"
0.650522962309757,1.06025874049179,0.872290800778025
