"beta_0","beta_1","beta_3"
0.732095318721594,1.28960275674698,0.632855013847061
