"beta_0","beta_1","beta_3"
2.10800920235153,1.19713975455748,0.842536423578379
