"beta_0","beta_1","beta_3"
1.28545827426715,1.21351065944599,1.23598065563363
