"beta_0","beta_1","beta_3"
-0.153973447910518,1.16983445970379,0.990157068022146
