"beta_0","beta_1","beta_3"
-0.393410022975878,1.09004641143859,0.938792509196507
