"beta_0","beta_1","beta_3"
2.91075776653939,0.924262572778114,1.09981572178387
