"beta_0","beta_1","beta_3"
0.758848771241088,1.04703187088874,1.07165960475493
