"beta_0","beta_1","beta_3"
2.13856946084271,1.46100838442345,0.732391161724669
