"beta_0","beta_1","beta_3"
1.94803566237271,0.977134272335788,0.767354671384761
