"beta_0","beta_1","beta_3"
2.27751250947336,0.906906124498373,0.769190804230956
