"beta_0","beta_1","beta_3"
1.99408853474637,0.944780528251182,0.894702232675226
