"beta_0","beta_1","beta_3"
0.164566609356723,0.952323677480572,1.13018862709967
