"beta_0","beta_1","beta_3"
1.77852047896063,0.686141537642903,0.693400913832022
