"beta_0","beta_1","beta_3"
1.56584298569318,0.678324031020366,1.40646450770703
