"beta_0","beta_1","beta_3"
3.13337827405304,0.277154333073064,0.839534306675356
