"beta_0","beta_1","beta_3"
1.74470045001289,0.837953756939776,1.03784889288736
