"beta_0","beta_1","beta_3"
2.39895404110333,0.833080556501674,0.749499543460852
