"beta_0","beta_1","beta_3"
0.570159166952233,1.18781728414768,1.02005799518409
