"beta_0","beta_1","beta_3"
1.68732153284217,0.621836494157581,0.857730088922501
