"beta_0","beta_1","beta_3"
0.931365442269289,1.61294750035099,0.426668806983048
