"beta_0","beta_1","beta_3"
0.832559915196354,0.900491347895922,1.10984978526048
