"beta_0","beta_1","beta_3"
1.47490214978671,0.910264999479759,0.934208850886805
