"beta_0","beta_1","beta_3"
2.67507838173337,1.04251878536649,0.742519844089839
