"beta_0","beta_1","beta_3"
0.844337664594618,1.04883777825714,1.13590079028361
