"beta_0","beta_1","beta_3"
-1.50527310482708,1.46967421780007,1.1668582974501
