"beta_0","beta_1","beta_3"
1.02944796151121,1.22433691303064,1.2586796216297
