"beta_0","beta_1","beta_3"
0.538618305958916,1.14760260566028,0.909530007356725
