"beta_0","beta_1","beta_3"
-0.39431522001017,1.25485546077898,1.25510600385683
