"beta_0","beta_1","beta_3"
0.639162137396036,0.807173092980246,0.972509475293758
