"beta_0","beta_1","beta_3"
-0.716278574408284,1.22668647979705,1.22989944804331
