"beta_0","beta_1","beta_3"
0.746343259018249,0.984986612926279,0.814266147921413
