"beta_0","beta_1","beta_3"
1.87738038299361,0.830901353410399,0.818082917406651
