"beta_0","beta_1","beta_3"
1.25062324899224,0.837438240981945,1.43870262793792
