"beta_0","beta_1","beta_3"
0.794276641314099,0.962132801004026,0.713943935436047
