"beta_0","beta_1","beta_3"
1.67032955744872,0.864773714735055,1.17581261768981
