"beta_0","beta_1","beta_3"
2.57922120201028,0.751765208494603,1.14352891069805
