"beta_0","beta_1","beta_3"
1.51196225694472,0.718171133235415,0.968752254586454
