"beta_0","beta_1","beta_3"
0.933897641080698,1.02060086727996,1.03995086514187
