"beta_0","beta_1","beta_3"
0.538344901092038,0.562901256508456,0.961703487846803
