"beta_0","beta_1","beta_3"
1.70832633935572,0.980836397410075,0.736333235578469
