"beta_0","beta_1","beta_3"
1.73535118436377,1.01778502927236,0.748209399856663
