"beta_0","beta_1","beta_3"
2.37649556371845,0.925867149708039,0.874018338246103
