"beta_0","beta_1","beta_3"
-0.185883269520307,1.24465123358965,1.53259163578204
