"beta_0","beta_1","beta_3"
-0.0248717845156945,1.11122007372016,0.940494853479655
