"beta_0","beta_1","beta_3"
0.687465947105278,0.963412899242262,1.38543747522066
