"beta_0","beta_1","beta_3"
1.33860164298277,1.11954398608618,0.828506227752355
