"beta_0","beta_1","beta_3"
0.2022708262786,1.37948165557177,0.881808568229731
