"beta_0","beta_1","beta_3"
-0.265042549799719,1.13079299107131,1.09891769691686
