"beta_0","beta_1","beta_3"
1.72385040561384,1.0955868081504,0.766092735739007
