"beta_0","beta_1","beta_3"
0.748975623276278,0.982674744601928,0.742138091399215
