"beta_0","beta_1","beta_3"
2.71646737267247,0.662981206406295,1.08177220303177
