"beta_0","beta_1","beta_3"
1.20567863391262,1.03886862153192,1.04194901478889
