"beta_0","beta_1","beta_3"
0.665031952785857,1.07294927956484,0.981141930554733
