"beta_0","beta_1","beta_3"
1.58044251062225,1.08389619045113,0.817662842307107
