"beta_0","beta_1","beta_3"
1.18502841653448,0.995318675995041,0.923075306745865
