"beta_0","beta_1","beta_3"
1.14219735681909,0.97474864463988,1.01931674961317
