"beta_0","beta_1","beta_3"
0.363657507667159,1.14732687154039,1.01570889802422
