"beta_0","beta_1","beta_3"
1.02116508654679,0.884600566634324,0.975711187743823
