"beta_0","beta_1","beta_3"
0.687388791579321,0.980226995038054,1.04159150053062
