"beta_0","beta_1","beta_3"
1.35672417953842,1.06985594370311,0.961906650246638
