"beta_0","beta_1","beta_3"
1.05359142848933,1.05766924740897,0.931348936459098
