"beta_0","beta_1","beta_3"
0.83973230147661,1.14006546721511,1.10290759493786
