"beta_0","beta_1","beta_3"
1.57602969557009,0.9204585843635,0.922302106598553
