"beta_0","beta_1","beta_3"
0.999991227298422,0.950608126956474,0.897356698170963
