"beta_0","beta_1","beta_3"
1.48416690162997,0.989155061028644,1.04466112344403
