"beta_0","beta_1","beta_3"
0.266025661000742,1.26289908258622,0.995714754400437
