"beta_0","beta_1","beta_3"
0.470664122062964,1.01677197145155,1.02880220957595
