"beta_0","beta_1","beta_3"
1.53568815174553,0.93568997166086,0.988868608083633
