"beta_0","beta_1","beta_3"
1.37066893239412,0.971788428521882,1.006622960161
