"beta_0","beta_1","beta_3"
0.871793479474249,0.959961135063352,1.15404681652481
