"beta_0","beta_1","beta_3"
1.13916858557067,0.947742940556248,0.971490100749529
