"beta_0","beta_1","beta_3"
0.274244585831308,0.973469507097649,1.2540768998539
