"beta_0","beta_1","beta_3"
0.213848862068015,1.03648452448258,1.09253410699266
