"beta_0","beta_1","beta_3"
0.760087622959859,0.871881171161161,1.17206189263967
