"beta_0","beta_1","beta_3"
1.58010966051938,1.01700834755708,0.858113640911824
