"beta_0","beta_1","beta_3"
1.5171988331396,0.931983636859236,0.957761825541749
