"beta_0","beta_1","beta_3"
1.16281470161205,0.846458420565385,0.958929719569543
