"beta_0","beta_1","beta_3"
0.835896340206089,1.04667183401025,1.02696730837826
