"beta_0","beta_1","beta_3"
1.62740291643302,0.98081103913912,0.703846042528804
