"beta_0","beta_1","beta_3"
0.832422676264053,0.911149577593438,1.03502613588146
