"beta_0","beta_1","beta_3"
0.825413190909601,0.984465160884272,0.990171617571563
