"beta_0","beta_1","beta_3"
1.16631314169746,0.980727891225982,0.946216695871863
