"beta_0","beta_1","beta_3"
0.940435032840037,1.06134862402968,0.87316096679306
