"beta_0","beta_1","beta_3"
0.873781378556239,0.998789489262875,0.965175250929609
