"beta_0","beta_1","beta_3"
1.42832055978249,0.910195453382255,0.921881190594137
