"beta_0","beta_1","beta_3"
1.07128735548873,0.932867897285516,0.886193010433394
