"beta_0","beta_1","beta_3"
0.865198291882539,0.971828582699033,1.02412987291768
