"beta_0","beta_1","beta_3"
1.18600941653251,1.05880008500281,1.02560263030732
