"beta_0","beta_1","beta_3"
1.32434837424799,0.934231866489701,0.948051832100463
