"beta_0","beta_1","beta_3"
0.990654177906302,1.01790762272826,1.0499075276803
