"beta_0","beta_1","beta_3"
0.925483265219276,1.07090957389962,0.853771083137351
