"beta_0","beta_1","beta_3"
0.476250356755185,1.01932296921175,0.957375123201624
