"beta_0","beta_1","beta_3"
1.50842413780409,0.814721337082552,0.947849899399699
