"beta_0","beta_1","beta_3"
1.00438308605744,1.10143674758051,0.97861290418373
