"beta_0","beta_1","beta_3"
0.920357492501465,1.12483621471168,0.966201399294106
