"beta_0","beta_1","beta_3"
1.55881383524494,0.80667766998395,1.08030246393654
