"beta_0","beta_1","beta_3"
1.17016486935182,0.952033417860303,0.936043773620727
