"beta_0","beta_1","beta_3"
0.797324907464037,1.03839348329759,0.881918786232448
