"beta_0","beta_1","beta_3"
1.31974707447613,0.982761648433791,0.895553045775352
