"beta_0","beta_1","beta_3"
1.20371508193014,0.928682421062615,0.890076632909608
