"beta_0","beta_1","beta_3"
0.853698177645176,0.856086400501194,1.09850948982414
