"beta_0","beta_1","beta_3"
1.0769880196545,0.975182110673575,1.09428489509195
