"beta_0","beta_1","beta_3"
1.3298517297285,0.985787407218038,1.01257758607814
