"beta_0","beta_1","beta_3"
1.63015637437175,0.91134270190737,0.931881936227946
