"beta_0","beta_1","beta_3"
0.583612634605263,1.03178902825806,1.11351221554901
