"beta_0","beta_1","beta_3"
0.950979462325266,1.1242286352722,0.979279362997127
