"beta_0","beta_1","beta_3"
1.35476795958929,0.986202571558589,0.979050227787644
