"beta_0","beta_1","beta_3"
1.07618158295659,0.962071774571081,1.08158200765175
