"beta_0","beta_1","beta_3"
0.627426537711736,1.04750367182886,1.05203998994128
