"beta_0","beta_1","beta_3"
0.536317840076354,1.12264522366721,0.946265582902162
