"beta_0","beta_1","beta_3"
0.648671256063737,1.03456478682895,1.03897160564106
