"beta_0","beta_1","beta_3"
1.55153123346323,1.02920527496223,0.923409568050719
