"beta_0","beta_1","beta_3"
1.56612143164559,0.898024167642679,0.764781500372838
