"beta_0","beta_1","beta_3"
1.15142167558068,0.892016957613343,0.919131342528213
