"beta_0","beta_1","beta_3"
0.976993403243608,0.957659807958734,1.14274551517142
