"beta_0","beta_1","beta_3"
0.782982408693937,0.991042585345331,1.14261752576002
