"beta_0","beta_1","beta_3"
0.588138275867606,1.02736664903109,1.07345499185806
