"beta_0","beta_1","beta_3"
0.664187274366249,1.11281673109177,0.915684855078045
