"beta_0","beta_1","beta_3"
0.871474119847514,1.08905188134063,1.02111356271098
