"beta_0","beta_1","beta_3"
1.04410328605375,1.03646599731189,0.944153266292348
