"beta_0","beta_1","beta_3"
0.604722334111667,1.13710875480365,0.976890767161244
