"beta_0","beta_1","beta_3"
1.14127550425778,0.922174212937874,1.04727334189437
