"beta_0","beta_1","beta_3"
1.31097960238407,0.960328326639468,0.728128585252132
