"beta_0","beta_1","beta_3"
1.53325733088954,1.00728571061434,0.976401923582225
