"beta_0","beta_1","beta_3"
0.615226504573672,1.07297725573573,0.89498128024536
