"beta_0","beta_1","beta_3"
0.91743959656196,0.905683407250136,0.917830146636661
