"beta_0","beta_1","beta_3"
0.725979169927254,1.18284225031422,0.999490692367899
