"beta_0","beta_1","beta_3"
1.21968619674481,1.12497688753909,0.865973258186976
