"beta_0","beta_1","beta_3"
1.30821430784052,0.965199383592953,0.93007146395535
