"beta_0","beta_1","beta_3"
0.54801878708836,1.14681302385226,1.09529923938536
