"beta_0","beta_1","beta_3"
1.00913292478296,0.965095615845756,1.07406978691548
