"beta_0","beta_1","beta_3"
1.04833998423897,0.992112782583778,0.953378051563971
