"beta_0","beta_1","beta_3"
1.21196860483187,0.888376863894178,0.947178436722672
