"beta_0","beta_1","beta_3"
0.612600792355893,0.985869116479084,1.14054061567231
