"beta_0","beta_1","beta_3"
0.411725176607989,1.05210725355648,1.00966640528359
