"beta_0","beta_1","beta_3"
1.0622058212532,1.01369031473769,1.10824077924339
