"beta_0","beta_1","beta_3"
1.2627384861792,1.01108090974452,0.966132095741425
