"beta_0","beta_1","beta_3"
1.18617357028084,1.03041477251984,0.940247785396714
