"beta_0","beta_1","beta_3"
1.23076983536191,0.977177617505112,1.00456824568721
