"beta_0","beta_1","beta_3"
1.09774418837713,1.03667239857518,1.04558370513866
