"beta_0","beta_1","beta_3"
0.754402254325805,1.14357390846482,1.14822812350687
