"beta_0","beta_1","beta_3"
1.00595612763644,1.0226250252465,1.01148920730324
