"beta_0","beta_1","beta_3"
0.442171392618517,0.974160166455887,1.15060113018525
