"beta_0","beta_1","beta_3"
2.2168876666456,0.989246665989802,0.798278901894436
