"beta_0","beta_1","beta_3"
0.904896247281527,1.02184594644669,0.985698128235184
