"beta_0","beta_1","beta_3"
1.34018762996914,0.896259578413283,0.894170221097604
