"beta_0","beta_1","beta_3"
1.60557737747641,0.972940969734953,0.890487530901278
