"beta_0","beta_1","beta_3"
0.558804484003273,1.10901137942277,0.984560191934758
