"beta_0","beta_1","beta_3"
0.409641967121499,1.08749726865281,0.911414022113993
