"beta_0","beta_1","beta_3"
1.60812372796942,0.986337507681464,0.962820900350183
